INSERT INTO districts (id, name)
VALUES  (13, 'Lista Nacional'),
        (8, 'Guatemala'),
        (16, 'Quiché'),
        (3, 'Distrito Central'),
        (7, 'Escuintla'),
        (23, 'Totonicapán'),
        (22, 'Suchitepéquez'),
        (4, 'Chimaltenango'),
        (6, 'El Progreso'),
        (9, 'Huehuetenango'),
        (20, 'Santa Rosa'),
        (12, 'Jutiapa'),
        (18, 'Sacatepéquez'),
        (21, 'Sololá'),
        (19, 'San Marcos'),
        (1, 'Alta Verapaz'),
        (14, 'Petén'),
        (15, 'Quetzaltenango'),
        (5, 'Chiquimula'),
        (17, 'Retalhuleu'),
        (11, 'Jalapa'),
        (2, 'Baja Verapaz'),
        (24, 'Zacapa'),
        (10, 'Izabal');

INSERT INTO blocks (id, name, short_name)
VALUES  (2, 'Cabal', 'CABAL'),
        (3, 'Comunidad Elefante', 'Elefante'),
        (4, 'Vamos por una Guatemala Diferente', 'VAMOS'),
        (5, 'TODOS', 'TODOS'),
        (6, 'Compromiso, Renovación y Orden', 'CREO'),
        (7, 'Visión con Valores', 'VIVA'),
        (8, 'Valor', 'Valor'),
        (9, 'Partido Unionista', 'Unionista'),
        (10, 'Voluntad, Oportunidad y Solidaridad', 'VOS'),
        (11, 'Unidad Nacional de la Esperanza', 'UNE'),
        (12, 'Victoria', 'Victoria'),
        (13, 'Partido Político Nosotros', 'Nosotros'),
        (14, 'Movimiento Político Winaq - Unidad Revolucionaria Nacional Guatemalteca', 'Winaq'),
        (15, 'CAMBIO', 'CAMBIO'),
        (16, 'Partido Azul', 'Azul'),
        (17, 'Bienestar Nacional', 'BIEN');

INSERT INTO parties (id, name, short_name, block_id)
VALUES  (6, 'Movimiento Semilla', 'Semilla', null),
        (17, 'Cabal', 'CABAL', 2),
        (15, 'Partido Azul', 'Azul', 16),
        (10, 'Voluntad, Oportunidad y Solidaridad', 'VOS', 10),
        (12, 'Partido Político Nosotros', 'Nosotros', 13),
        (4, 'Vamos por una Guatemala Diferente', 'VAMOS', 4),
        (5, 'Valor', 'Valor', 8),
        (14, 'CAMBIO', 'CAMBIO', 15),
        (7, 'TODOS', 'TODOS', 5),
        (9, 'Visión con Valores', 'VIVA', 7),
        (3, 'Comunidad Elefante', 'Elefante', 3),
        (16, 'Bienestar Nacional', 'BIEN', 17),
        (2, 'Partido Unionista', 'Unionista', 9),
        (1, 'Unidad Nacional de la Esperanza', 'UNE', 11),
        (11, 'Victoria', 'Victoria', 12),
        (13, 'Movimiento Político Winaq - Unidad Revolucionaria Nacional Guatemalteca', 'Winaq', 14),
        (8, 'Compromiso, Renovación y Orden', 'CREO', 6);

INSERT INTO congressmen (id, first_name, last_name, key, party_id, district_id, birth_date, status, block_id)
VALUES  (929, 'Luis Fernando', 'Aguirre Estrada', 'aguirre estrada luis fernando', 17, 13, '1981-07-05', 'active', 2),
        (840, 'Hellen Magaly Alexándra', 'Ajcip Canel', 'ajcipcanelhellenmagalyalexandra', 3, 8, '1991-03-13', 'active', 3),
        (943, 'Héctor Adolfo', 'Aldana Reyes', 'aldanareyeshectoradolfo', 4, 13, '1982-06-23', 'active', 4),
        (2, 'Felipe', 'Alejos Lorenzana', 'alejoslorenzanafelipe', 7, 13, '1984-10-03', 'active', 5),
        (956, 'Manuel Geovany', 'Alvarado Vásquez', 'alvaradovasquezmanuelgeovany', 4, 16, '1968-03-25', 'active', 4),
        (851, 'Cristian Rodolfo', 'Alvarez y Alvarez', 'alvarezyalvarezcristianrodolfo', 8, 3, '1977-09-15', 'active', 6),
        (948, 'César Augusto', 'Amézquita Del Valle', 'amezquitadelvallecesaraugusto', 9, 13, '1958-07-12', 'active', 7),
        (772, 'Sergio David', 'Arana Roca', 'aranarocasergiodavid', 4, 7, '1981-02-28', 'active', 4),
        (907, 'Manuel de Jesús', 'Archila Cordón', 'archilacordonmanueldejesus', 17, 8, '1972-06-10', 'active', 2),
        (972, 'Sherol Ivanisse', 'Arévalo Avila', 'arevaloavilasherolivanisse', 5, 23, '1988-07-11', 'active', 8),
        (11, 'Alvaro Enrique', 'Arzú Escobar', 'arzuescobaralvaroenrique', 2, 13, '1985-02-27', 'active', 9),
        (918, 'Jorge Estuardo', 'Ayala Marroquin', 'ayalamarroquinjorgeestuardo', 5, 8, '1964-04-24', 'active', 8),
        (969, 'Gerson Geovanny', 'Barragán Morales', 'barraganmoralesgersongeovanny', 9, 22, '1987-01-06', 'active', 7),
        (18, 'Orlando Joaquín', 'Blanco Lapola', 'blancolapolaorlandojoaquin', 10, 13, '1968-06-10', 'active', 10),
        (891, 'Víctor Vicente', 'Bonilla González', 'bonillagonzalezvictorvicente', 9, 4, '1983-07-04', 'active', 7),
        (900, 'Ernesto', 'Bran Colindres', 'brancolindresernesto', 5, 6, '1970-04-12', 'active', 8),
        (774, 'Carlos Roberto', 'Calderon Galvez', 'calderongalvezcarlosroberto', 4, 13, '1967-02-27', 'active', 4),
        (791, 'Karla Betzaida', 'Cardona Arreaga', 'cardonaarreagakarlabetzaida', 1, 9, '1984-09-11', 'active', 11),
        (905, 'Obbed Ediberto', 'Castañasa Mendizábal', 'castanasamendizabalobbedediberto', 9, 7, '1969-11-26', 'active', 7),
        (30, 'José Inés', 'Castillo Martínez', 'castillomartinezjoseines', 1, 20, '1970-04-07', 'active', 11),
        (787, 'Maynor Estuardo', 'Castillo y Castillo', 'castilloycastillomaynorestuardo', 4, 12, '1980-08-11', 'active', 4),
        (31, 'Sergio Leonel', 'Celis Navas', 'celisnavassergioleonel', 17, 18, '1964-01-12', 'active', 2),
        (939, 'Dámaris Carolina', 'Cerna Acevedo', 'cernaacevedodamariscarolina', 1, 13, '1986-05-03', 'active', 11),
        (899, 'José Alberto', 'Chic Cardona', 'chiccardonajosealberto', 10, 3, '1986-12-21', 'active', 10),
        (965, 'Bequer Neftali', 'Chocooj de la Cruz', 'chocoojdelacruzbequerneftali', 17, 21, '1980-12-22', 'active', 2),
        (962, 'Gladis Carolina', 'Cifuentes Barragán', 'cifuentesbarragangladiscarolina', 4, 19, '1981-04-13', 'active', 4),
        (776, 'Guillermo Alberto', 'Cifuentes Barragán', 'cifuentesbarraganguillermoalberto', 4, 19, '1977-10-25', 'active', 4),
        (883, 'Victor Hugo', 'Cifuentes Delgado', 'cifuentesdelgadovictorhugo', 1, 1, '1964-09-28', 'active', 11),
        (961, 'Gustavo Adolfo', 'Cifuentes Navarro', 'cifuentesnavarrogustavoadolfo', 7, 19, '1982-12-15', 'active', 5),
        (888, 'Pablo Leonel', 'Cifuentes Ovalle', 'cifuentesovallepabloleonel', 17, 4, '1984-06-04', 'active', 2),
        (885, 'Randy Araely', 'Coc Figueroa', 'cocfigueroarandyaraely', 11, 1, '2000-12-02', 'active', 12),
        (39, 'Luis Alberto', 'Contreras Colíndres', 'contrerascolindresluisalberto', 8, 19, '1950-02-07', 'active', 6),
        (41, 'Oscar Rolando', 'Corleto Rivera', 'corletoriveraoscarrolando', 1, 1, '1963-06-27', 'active', 11),
        (950, 'Edin Alexander', 'De Jesús Mejía', 'dejesusmejiaedinalexander', 9, 14, '1979-09-30', 'active', 7),
        (944, 'Mynor Alfonso', 'De la Rosa Palacios', 'delarosapalaciosmynoralfonso', 4, 13, '1989-09-08', 'active', 4),
        (970, 'Alberto Eduardo', 'De León Benítez', 'deleonbenitezalbertoeduardo', 17, 23, '1976-01-18', 'active', 2),
        (777, 'Greicy Domenica', 'De León De León', 'deleondeleongreicydomenica', 4, 16, '1982-04-10', 'active', 4),
        (940, 'Lourdes Teresita', 'De León Torres', 'deleontorreslourdesteresita', 1, 13, '1987-09-15', 'active', 11),
        (933, 'Nadia Lorena', 'De León Torres', 'deleontorresnadialorena', 12, 13, '1978-05-21', 'active', 13),
        (818, 'Gerardín Ariel', 'Díaz Mazariegos', 'diazmazariegosgerardinariel', 5, 15, '1966-09-17', 'active', 8),
        (963, 'Jeovanni Omar', 'Dominguez Orozco', 'dominguezorozcojeovanniomar', 9, 19, '1987-08-30', 'active', 7),
        (884, 'Herman Otoniel', 'Echeverría Casado', 'echeverriacasadohermanotoniel', 4, 1, '1975-12-01', 'active', 4),
        (941, 'Sergio Guillermo', 'Enriquez Garzaro', 'enriquezgarzarosergioguillermo', 1, 13, '1975-05-29', 'active', 11),
        (926, 'Kevyn Luis Carlo', 'Escobar Castillo', 'escobarcastillokevynluiscarlo', 17, 12, '1994-11-27', 'active', 2),
        (54, 'Boris Roberto', 'España Cáceres', 'espanacaceresborisroberto', 4, 5, '1973-01-20', 'active', 4),
        (930, 'Julio Héctor', 'Estrada Domínguez', 'estradadominguezjuliohector', 17, 13, '1974-06-22', 'active', 2),
        (61, 'Jairo Joaquín', 'Flores Divas', 'floresdivasjairojoaquin', 1, 8, '1975-05-22', 'active', 10),
        (819, 'José Luis', 'Galindo De León', 'galindodeleonjoseluis', 5, 17, '1967-06-29', 'active', 8),
        (920, 'Manrique Obel', 'Gálvez De León', 'galvezdeleonmanriqueobel', 1, 9, '1982-09-04', 'active', 11),
        (894, 'Raúl Amilcar', 'Barrera Robles', 'barreraroblesraulamilcar', 6, 3, '1983-01-13', 'active', null),
        (915, 'León Felipe', 'Barrera Villanueva', 'barreravillanuevaleonfelipe', 1, 8, '1984-08-24', 'active', null),
        (973, 'Jorge Mario', 'Cabrera Ordóñez', 'cabreraordonezjorgemario', 4, 23, '1989-01-30', 'active', null),
        (908, 'Luis Antonio', 'Cáceres Gamarro', 'caceresgamarroluisantonio', 6, 8, '1988-10-08', 'active', null),
        (831, 'Román Wilfredo', 'Castellanos Caal', 'castellanoscaalromanwilfredo', 6, 3, '1985-04-08', 'active', null),
        (870, 'Mario Ernesto', 'Gálvez Muñóz', 'galvezmunozmarioernesto', 1, 19, '1980-11-03', 'active', 11),
        (788, 'José Arnulfo', 'García Barrios', 'garciabarriosjosearnulfo', 4, 22, '1971-03-14', 'active', 4),
        (65, 'Cornelio Gonzalo', 'García García', 'garciagarciacorneliogonzalo', 7, 9, '1963-01-10', 'active', 5),
        (971, 'Julio Pedro', 'Gómez Gómez', 'gomezgomezjuliopedro', 1, 23, '1978-06-15', 'active', 11),
        (904, 'Mercedes Cristabel', 'Guardado Linares de Nájera', 'guardadolinaresdenajeramercedescristabel', 5, 7, '1986-09-03', 'active', 8),
        (861, 'Sonia Marina', 'Gutierrez Raguay', 'gutierrezraguaysoniamarina', 13, 13, '1981-02-05', 'active', 14),
        (902, 'Rolando', 'Guzmán Figueroa', 'guzmanfigueroarolando', 17, 7, '1971-08-01', 'active', 2),
        (78, 'Sofía Jeanetth', 'Hernández Herrera', 'hernandezherrerasofiajeanetth', 4, 9, '1965-12-17', 'active', 2),
        (949, 'Benjamin', 'Ipiña Leiva', 'ipinaleivabenjamin', 1, 14, '1976-03-31', 'active', 11),
        (892, 'Esduín Jerson', 'Javier Javier', 'javierjavieresduinjerson', 14, 5, '1973-02-05', 'active', 15),
        (898, 'Sandra Erica', 'Jovel Polanco', 'jovelpolancosandraerica', 5, 3, '1978-02-24', 'active', 8),
        (86, 'Francisco Vitelio', 'Lam Ruano', 'lamruanofranciscovitelio', 1, 7, '1955-12-09', 'active', 11),
        (780, 'Candido Fernando', 'Leal Gómez', 'lealgomezcandidofernando', 4, 8, '1977-03-28', 'active', 4),
        (881, 'Josué Edmundo', 'Lemus Cifuentes', 'lemuscifuentesjosueedmundo', 4, 16, '1976-05-17', 'active', 4),
        (247, 'Fidencio', 'Lima Pop', 'limapopfidencio', 9, 1, '1972-04-20', 'active', 7),
        (942, 'Luis Javier', 'López Bolaños', 'lopezbolanosluisjavier', 1, 13, '1992-10-29', 'active', 11),
        (789, 'Julio César', 'López Escobar', 'lopezescobarjuliocesar', 17, 9, '1988-11-19', 'active', 2),
        (976, 'Carlos Enrique', 'López Girón', 'lopezgironcarlosenrique', 5, 16, '1961-10-22', 'active', 8),
        (92, 'Carlos Enrique', 'López Maldonado', 'lopezmaldonadocarlosenrique', 17, 16, '1991-05-26', 'active', 2),
        (93, 'Jaime Octavio Augusto', 'Lucero Vásquez', 'lucerovasquezjaimeoctavioaugusto', 4, 11, '1990-11-22', 'active', 4),
        (967, 'Danilo', 'Madrazo Mazariegos', 'madrazomazariegosdanilo', 7, 22, '1978-02-01', 'active', 5),
        (802, 'Vasny Adiel', 'Maldonado Alonzo', 'maldonadoalonzovasnyadiel', 1, 22, '1979-12-04', 'active', 11),
        (179, 'Ana Lucrecia', 'Marroquín Godoy de Palomo', 'marroquingodoydepalomoanalucrecia', 2, 13, '1951-07-26', 'active', 9),
        (917, 'Julio Daniel', 'Marroquín Ordoñez', 'marroquinordonezjuliodaniel', 1, 8, '1971-07-21', 'active', 11),
        (964, 'Ricardo Leonel', 'Martínez Alarcón', 'martinezalarconricardoleonel', 4, 20, '1986-05-17', 'active', 4),
        (793, 'Erick Geovany', 'Martínez Hernández', 'martinezhernandezerickgeovany', 4, 9, '1992-01-23', 'active', 4),
        (99, 'Joél Rubén', 'Martínez Herrera', 'martinezherrerajoelruben', 4, 9, '1967-07-08', 'active', 4),
        (921, 'Christian Joél', 'Martínez Juárez', 'martinezjuarezchristianjoel', 4, 9, '1992-09-12', 'active', 4),
        (781, 'Duay Antoni', 'Martinez Salazar', 'martinezsalazarduayantoni', 4, 15, '1982-12-23', 'active', 4),
        (100, 'Marleni Lineth', 'Matías Santiago', 'matiassantiagomarlenilineth', 1, 2, '1968-10-10', 'active', 11),
        (845, 'Nery René', 'Mazariegos López', 'mazariegoslopezneryrene', 9, 15, '1962-07-30', 'active', 7),
        (903, 'Marco Aurelio', 'Mejía Alfaro', 'mejiaalfaromarcoaurelio', 1, 7, '1974-11-05', 'active', 11),
        (782, 'Maynor Gabriel', 'Mejía Popol', 'mejiapopolmaynorgabriel', 4, 4, '1973-11-01', 'active', 4),
        (893, 'José Pablo', 'Mendoza Franco', 'mendozafrancojosepablo', 8, 3, '1988-11-05', 'active', 6),
        (806, 'Martín', 'Nicolás Segundo', 'nicolassegundomartin', 1, 9, '1963-12-03', 'active', 11),
        (790, 'Sandra Carolina', 'Orellana Cruz', 'orellanacruzsandracarolina', 4, 24, '1963-07-09', 'active', 4),
        (923, 'Jairo Danilo', 'Orellana Sandoval', 'orellanasandovaljairodanilo', 17, 11, '1989-08-10', 'active', 2),
        (953, 'Rolando Miguel', 'Ovalle Barrios', 'ovallebarriosrolandomiguel', 1, 15, '1967-11-22', 'active', 11),
        (919, 'Elmer Josué', 'Palencia Reyes', 'palenciareyeselmerjosue', 5, 8, '1984-02-29', 'active', 8),
        (932, 'Rodrigo Antonio', 'Pellecer Rodriguez', 'pellecerrodriguezrodrigoantonio', 3, 13, '1967-03-25', 'active', 3),
        (945, 'Marco Alejandro', 'Pérez Toribio', 'pereztoribiomarcoalejandro', 4, 13, '1989-01-06', 'active', 4),
        (946, 'Ronald Yomelfy', 'Portillo Cordón', 'portillocordonronaldyomelfy', 4, 13, '1990-02-13', 'active', 4),
        (974, 'Julio César', 'Portillo Paz', 'portillopazjuliocesar', 17, 24, '1990-12-02', 'active', 2),
        (809, 'Juán Ignacio', 'Quijada Heredia', 'quijadaherediajuanignacio', 1, 5, '1952-03-08', 'active', 11),
        (957, 'Guillermo Antonio', 'Ralda Conde', 'raldacondeguillermoantonio', 17, 17, '1975-02-05', 'active', 2),
        (922, 'Darwin Edgardo', 'Ramírez Cameros', 'ramirezcamerosdarwinedgardo', 1, 10, '1989-08-06', 'active', 11),
        (126, 'Thelma Elizabeth', 'Ramirez Retana', 'ramirezretanathelmaelizabeth', 4, 10, '1973-11-29', 'active', 4),
        (925, 'Nery Abilio', 'Ramos y Ramos', 'ramosyramosneryabilio', 15, 12, '1979-05-12', 'active', 16),
        (127, 'Edgar Raúl', 'Reyes Lee', 'reyesleeedgarraul', 4, 14, '1956-06-03', 'active', 4),
        (128, 'Fidel', 'Reyes Lee', 'reyesleefidel', 16, 13, '1958-01-15', 'active', 17),
        (811, 'Juan Ramon', 'Rivas García', 'rivasgarciajuanramon', 4, 10, '1967-06-18', 'active', 4),
        (857, 'Juan Carlos', 'Rivera Estevez', 'riveraestevezjuancarlos', 11, 13, '1976-02-21', 'active', 12),
        (890, 'Mynor Francisco', 'Rivera Salazar', 'riverasalazarmynorfrancisco', 1, 4, '1991-01-06', 'active', 11),
        (785, 'Shirley Joanna', 'Rivera Zaldaña', 'riverazaldanashirleyjoanna', 4, 8, '1971-09-22', 'active', 4),
        (901, 'César Augusto', 'Rodas Cardona', 'rodascardonacesaraugusto', 4, 6, '1991-01-02', 'active', 4),
        (931, 'Nery Mamfredo', 'Rodas Méndez', 'rodasmendeznerymamfredo', 17, 13, '1972-03-03', 'active', 2),
        (952, 'Byron Bladimiro', 'Rodríguez Palacios', 'rodriguezpalaciosbyronbladimiro', 7, 15, '1991-04-11', 'active', 5),
        (770, 'Allan Estuardo', 'Rodríguez Reyes', 'rodriguezreyesallanestuardo', 4, 21, '1981-10-19', 'active', 4),
        (966, 'Luis Alberto', 'Rodríguez Reyes', 'rodriguezreyesluisalberto', 4, 21, '1984-02-04', 'active', 4),
        (130, 'Carlos Napoleon', 'Rojas Alarcón', 'rojasalarconcarlosnapoleon', 4, 20, '1991-01-04', 'active', 4),
        (874, 'Oswaldo', 'Rosales Polanco', 'rosalespolancooswaldo', 4, 22, '1963-06-03', 'active', 4),
        (924, 'Faver Emilio', 'Salazar Cordero', 'salazarcorderofaveremilio', 5, 11, '1991-09-04', 'active', 8),
        (822, 'Leopoldo', 'Salazar Samayoa', 'salazarsamayoaleopoldo', 4, 1, '1971-11-15', 'active', 4),
        (135, 'Lucrecia Carola', 'Samayoa Reyes', 'samayoareyeslucreciacarola', 16, 9, '1979-11-06', 'active', 17),
        (958, 'José Carlo', 'Solano', 'solanojosecarlo', 4, 17, '1991-08-10', 'active', 4),
        (955, 'Marcos Eduardo', 'Tebelán Pantzay', 'tebelanpantzaymarcoseduardo', 17, 16, '2000-11-18', 'active', 2),
        (887, 'Byron Leonidas', 'Tejeda Marroquín', 'tejedamarroquinbyronleonidas', 17, 2, '1971-02-08', 'active', 2),
        (954, 'Erick José Mario', 'Tzún De León', 'tzundeleonerickjosemario', 4, 15, '1984-01-14', 'active', 4),
        (947, 'Victor Alfredo', 'Valenzuela Argueta', 'valenzuelaarguetavictoralfredo', 4, 13, '1971-01-05', 'active', 4),
        (829, 'Sabino Sebastián', 'Velásquez Bámaca', 'velasquezbamacasabinosebastian', 16, 19, '1964-01-30', 'active', 17),
        (154, 'Mario', 'Velásquez Pérez', 'velasquezperezmario', 17, 19, '1967-05-25', 'active', 2),
        (928, 'Jorge Mario', 'Villagrán Alvarez', 'villagranalvarezjorgemario', 15, 13, '1955-10-27', 'active', 16),
        (927, 'Marvin Adrián', 'Zepeda Zepeda', 'zepedazepedamarvinadrian', 7, 12, '1986-11-08', 'active', 5),
        (934, 'Manfredo Duvalier', 'Castañón González', 'castanongonzalezmanfredoduvalier', 6, 13, '1989-11-20', 'active', null),
        (842, 'Jorge Romeo', 'Castro Delgado', 'castrodelgadojorgeromeo', 9, 8, '1968-05-15', 'active', null),
        (826, 'Gustavo Adolfo', 'Crúz Montoya', 'cruzmontoyagustavoadolfo', 9, 13, '1979-02-03', 'active', null),
        (889, 'Raúl Arnulfo', 'Cuá Tumín', 'cuatuminraularnulfo', 6, 4, '1982-08-02', 'active', null),
        (906, 'César Roberto', 'Dávila Córdova', 'davilacordovacesarroberto', 16, 8, '1983-11-15', 'active', null),
        (796, 'César Augusto', 'Fión Morales', 'fionmoralescesaraugusto', 1, 14, '1959-09-15', 'active', null),
        (909, 'Mirna Victoria', 'Godoy Palala', 'godoypalalamirnavictoria', 6, 8, '1986-05-30', 'active', null),
        (935, 'Alma Luz', 'Guerrero de la Cruz', 'guerrerodelacruzalmaluz', 6, 13, '1952-05-09', 'active', null),
        (910, 'David Mauricio', 'Illescas Sandoval', 'illescassandovaldavidmauricio', 6, 8, '1998-03-02', 'active', null),
        (801, 'Darwin Alberto', 'Lucas Paz', 'lucaspazdarwinalberto', 1, 1, '1983-11-28', 'active', null),
        (911, 'Ivanna María', 'Luján Padilla', 'lujanpadillaivannamaria', 6, 8, '1989-04-17', 'active', null),
        (95, 'Ervin Adim', 'Maldonado Molina', 'maldonadomolinaervinadim', 1, 13, '1990-07-05', 'active', null),
        (895, 'Laura Fabiola', 'Marroquín Cordón', 'marroquincordonlaurafabiola', 6, 3, '1989-04-24', 'active', null),
        (896, 'Brenda Marleny', 'Mejía López', 'mejialopezbrendamarleny', 6, 3, '1977-07-03', 'active', null),
        (886, 'Sandra Yanet', 'Milian Gomez', 'miliangomezsandrayanet', 11, 1, '1959-08-12', 'active', null),
        (959, 'Mercedes del Rosario', 'Monzón Escobedo', 'monzonescobedomercedesdelrosario', 6, 18, '1990-01-30', 'active', null),
        (828, 'Evelyn Oddeth', 'Morataya Marroquín', 'moratayamarroquinevelynoddeth', 9, 13, '1972-08-22', 'active', null),
        (897, 'Elena Sofia', 'Motta Kolleff', 'mottakolleffelenasofia', 6, 3, '2000-09-19', 'active', null),
        (937, 'Byron Alesky', 'Obregón Castañeda', 'obregoncastanedabyronalesky', 6, 13, '1978-09-24', 'active', null),
        (912, 'Ronalth Ivan', 'Ochaeta Aguilar', 'ochaetaaguilarronalthivan', 6, 8, '1985-08-06', 'active', null),
        (160, 'Karina Alexandra', 'Paz Rosales', 'pazrosaleskarinaalexandra', 10, 8, '1987-07-28', 'active', null),
        (117, 'Rudy Berner', 'Pereira Delgado', 'pereiradelgadorudyberner', 12, 1, '1971-01-04', 'active', null),
        (834, 'Samuel Andrés', 'Pérez Alvarez', 'perezalvarezsamuelandres', 6, 3, '1992-08-27', 'active', null),
        (951, 'José Orlando', 'Pérez Marroquín', 'perezmarroquinjoseorlando', 6, 15, '1992-07-01', 'active', null),
        (122, 'Vivian Beatriz', 'Preciado Navarijo', 'preciadonavarijovivianbeatriz', 12, 19, '1989-04-01', 'active', null),
        (864, 'José Adolfo', 'Quezada Valdéz', 'quezadavaldezjoseadolfo', 1, 16, '1973-03-31', 'active', null),
        (913, 'Andrea María', 'Reyes Zeceña', 'reyeszecenaandreamaria', 6, 8, '1990-07-23', 'active', null),
        (914, 'José Carlos', 'Sanabria Arias', 'sanabriaariasjosecarlos', 6, 8, '1983-11-05', 'active', null),
        (875, 'Raúl Antonio', 'Solórzano Quevedo', 'solorzanoquevedoraulantonio', 1, 16, '1993-02-01', 'active', null),
        (960, 'José Diego', 'Toledo Cruz', 'toledocruzjosediego', 6, 18, '1989-12-16', 'active', null),
        (978, 'Luis Enrique', 'Ventura Urbina', 'venturaurbinaluisenrique', 11, 13, '1994-09-02', 'active', null),
        (977, 'Olga Isabel', 'Villalta Pereira', 'villaltapereiraolgaisabel', 11, 13, '1951-06-18', 'active', null),
        (155, 'Andrea Beatríz', 'Villagrán Antón de Pantoja', 'villagranantondepantojaandreabeatriz', 6, 3, '1992-01-02', 'active', null),
        (938, 'Ana Patricia', 'Orantes Thomas', 'orantesthomasanapatricia', 6, 13, '1969-01-20', 'inactive', null),
        (936, 'Jonathan Kiril Thomas', 'Menkos Zeissig', 'menkoszeissigjonathankirilthomas', 6, 13, '1975-06-29', 'inactive', null);

INSERT INTO congressmen_aliases (id, congressman_id, alias)
VALUES  (1, 791, 'cardonaarreagadepojoykarlabetzaida'),
        (2, 777, 'deleondeleondeperezgreicydomenica'),
        (3, 954, 'tzundeleonerickjose'),
        (4, 155, 'villagranantonandreabeatriz');