id,period,attendance_present,attendance_absent,attendance_license,votes_in_favor,votes_against,votes_absent,votes_with_majority,votes_against_majority
2,2024,55,7,4,748,371,233,946,173
2,2025,42,15,7,417,97,130,452,62
2,2026,45,9,2,400,108,135,447,61
2,total,142,31,13,1565,576,498,1845,296
11,2024,52,4,10,512,507,333,738,281
11,2025,48,1,15,178,155,311,224,109
11,2026,40,4,12,281,149,213,388,42
11,total,140,9,37,971,811,857,1350,432
18,2024,62,3,1,394,419,539,433,380
18,2025,58,6,0,150,258,236,162,246
18,2026,50,6,0,298,245,100,376,167
18,total,170,15,1,842,922,875,971,793
30,2024,48,15,3,844,328,180,974,198
30,2025,38,24,2,387,140,117,436,91
30,2026,41,15,0,373,168,102,491,50
30,total,127,54,5,1604,636,399,1901,339
31,2024,56,6,4,949,300,103,1083,166
31,2025,52,10,2,474,125,45,487,112
31,2026,47,8,1,419,82,142,436,65
31,total,155,24,7,1842,507,290,2006,343
39,2024,56,3,7,625,466,261,844,247
39,2025,54,4,6,362,116,166,380,98
39,2026,55,0,1,505,131,7,586,50
39,total,165,7,14,1492,713,434,1810,395
41,2024,44,4,18,565,331,456,773,123
41,2025,36,6,22,347,183,114,385,145
41,2026,42,4,10,257,159,227,300,116
41,total,122,14,50,1169,673,797,1458,384
54,2024,44,16,6,521,305,526,574,252
54,2025,44,15,5,358,85,201,364,79
54,2026,41,15,0,323,86,234,296,113
54,total,129,46,11,1202,476,961,1234,444
61,2024,60,3,3,633,345,374,700,278
61,2025,53,7,4,201,196,247,199,198
61,2026,41,9,6,311,105,227,322,94
61,total,154,19,13,1145,646,848,1221,570
65,2024,56,4,6,759,332,261,950,141
65,2025,55,3,6,381,125,138,412,94
65,2026,44,7,5,325,179,139,369,135
65,total,155,14,17,1465,636,538,1731,370
78,2024,55,3,8,764,353,235,946,171
78,2025,46,4,14,381,136,127,413,104
78,2026,39,8,9,387,152,104,493,46
78,total,140,15,31,1532,641,466,1852,321
86,2024,54,9,3,785,314,253,945,154
86,2025,39,13,12,234,68,342,239,63
86,2026,34,12,10,278,135,230,381,32
86,total,127,34,25,1297,517,825,1565,249
92,2024,55,4,7,875,328,149,1071,132
92,2025,47,8,9,370,102,172,412,60
92,2026,46,8,2,301,136,206,372,65
92,total,148,20,18,1546,566,527,1855,257
93,2024,57,9,0,846,300,206,1069,77
93,2025,51,13,0,466,60,118,484,42
93,2026,49,7,0,443,130,70,544,29
93,total,157,29,0,1755,490,394,2097,148
95,2024,52,10,4,773,354,225,1016,111
95,2025,42,17,5,439,97,108,469,67
95,2026,37,19,0,332,150,161,427,55
95,total,131,46,9,1544,601,494,1912,233
99,2024,57,6,3,918,306,128,1031,193
99,2025,39,23,2,278,52,314,287,43
99,2026,40,15,1,388,89,166,426,51
99,total,136,44,6,1584,447,608,1744,287
100,2024,54,9,3,1032,215,105,1010,237
100,2025,52,9,3,373,90,181,398,65
100,2026,46,9,1,410,178,55,527,61
100,total,152,27,7,1815,483,341,1935,363
117,2024,51,12,3,850,221,281,847,224
117,2025,51,9,4,281,85,278,313,53
117,2026,46,6,4,335,119,189,384,70
117,total,148,27,11,1466,425,748,1544,347
122,2024,43,14,9,757,189,406,707,239
122,2025,38,15,11,180,122,342,213,89
122,2026,40,13,3,207,146,290,249,104
122,total,121,42,23,1144,457,1038,1169,432
126,2024,55,7,4,935,219,198,821,333
126,2025,37,24,3,357,102,185,385,74
126,2026,33,20,3,339,88,216,333,94
126,total,125,51,10,1631,409,599,1539,501
127,2024,53,3,10,752,369,231,961,160
127,2025,32,0,32,311,142,191,349,104
127,2026,29,2,25,346,129,168,347,128
127,total,114,5,67,1409,640,590,1657,392
128,2024,50,9,7,777,205,370,792,190
128,2025,36,21,7,236,69,339,254,51
128,2026,36,17,3,311,95,237,357,49
128,total,122,47,17,1324,369,946,1403,290
130,2024,50,5,11,669,344,339,889,124
130,2025,25,10,29,295,59,290,317,37
130,2026,35,14,7,290,141,212,387,44
130,total,110,29,47,1254,544,841,1593,205
135,2024,58,5,3,897,216,239,968,145
135,2025,45,15,4,361,77,206,384,54
135,2026,43,7,6,373,131,139,453,51
135,total,146,27,13,1631,424,584,1805,250
154,2024,60,2,4,742,438,172,948,232
154,2025,56,7,1,283,129,232,306,106
154,2026,50,5,1,366,151,126,404,113
154,total,166,14,6,1391,718,530,1658,451
155,2024,56,1,9,928,299,125,963,264
155,2025,53,6,5,445,102,97,452,95
155,2026,38,7,11,238,129,276,316,51
155,total,147,14,25,1611,530,498,1731,410
160,2024,62,0,4,942,328,82,1032,238
160,2025,58,1,5,382,199,63,410,171
160,2026,46,0,10,282,51,310,276,57
160,total,166,1,19,1606,578,455,1718,466
179,2024,62,1,3,443,380,529,584,239
179,2025,55,3,6,159,165,320,187,137
179,2026,49,3,4,197,168,278,269,96
179,total,166,7,13,799,713,1127,1040,472
247,2024,52,4,10,861,335,156,1086,110
247,2025,44,3,17,331,83,230,336,78
247,2026,31,8,17,305,158,180,413,50
247,total,127,15,44,1497,576,566,1835,238
770,2024,53,12,1,600,520,232,815,305
770,2025,36,21,7,190,244,210,226,208
770,2026,30,14,12,286,193,164,344,135
770,total,119,47,20,1076,957,606,1385,648
772,2024,52,5,9,725,298,329,948,75
772,2025,33,14,17,342,75,227,374,43
772,2026,29,25,2,271,136,236,336,71
772,total,114,44,28,1338,509,792,1658,189
774,2024,41,9,16,611,339,402,817,133
774,2025,41,11,12,256,103,285,293,66
774,2026,52,4,0,327,145,171,264,208
774,total,134,24,28,1194,587,858,1374,407
776,2024,51,6,9,624,461,267,829,256
776,2025,39,5,20,174,175,295,201,148
776,2026,33,6,17,337,139,167,360,116
776,total,123,17,46,1135,775,729,1390,520
777,2024,57,9,0,749,377,226,967,159
777,2025,46,15,3,380,141,123,418,103
777,2026,37,17,2,373,165,105,450,88
777,total,140,41,5,1502,683,454,1835,350
780,2024,43,13,10,595,396,361,835,156
780,2025,43,17,4,411,121,112,450,82
780,2026,35,21,0,317,177,149,435,59
780,total,121,51,14,1323,694,622,1720,297
781,2024,41,8,17,542,299,511,758,83
781,2025,48,6,10,306,76,262,337,45
781,2026,37,9,10,341,96,206,392,45
781,total,126,23,37,1189,471,979,1487,173
782,2024,56,5,5,657,484,211,872,269
782,2025,56,5,3,387,133,124,411,109
782,2026,48,6,2,471,96,76,397,170
782,total,160,16,10,1515,713,411,1680,548
785,2024,36,6,24,504,257,591,640,121
785,2025,57,5,2,240,89,315,267,62
785,2026,38,2,16,107,118,418,175,50
785,total,131,13,42,851,464,1324,1082,233
787,2024,63,2,1,938,337,77,1130,145
787,2025,57,6,1,504,95,45,541,58
787,2026,49,5,2,441,145,57,559,27
787,total,169,13,4,1883,577,179,2230,230
788,2024,44,0,22,748,292,312,958,82
788,2025,46,2,16,436,78,130,476,38
788,2026,32,5,19,349,187,107,457,79
788,total,122,7,57,1533,557,549,1891,199
789,2024,55,8,3,647,399,306,828,218
789,2025,55,7,2,349,103,192,363,89
789,2026,52,3,1,323,98,222,318,103
789,total,162,18,6,1319,600,720,1509,410
790,2024,42,9,15,668,341,343,865,144
790,2025,35,21,8,287,104,253,311,80
790,2026,40,11,5,364,161,118,458,67
790,total,117,41,28,1319,606,714,1634,291
791,2024,53,10,3,905,311,136,1123,93
791,2025,44,20,0,435,87,122,453,69
791,2026,35,21,0,310,123,210,381,52
791,total,132,51,3,1650,521,468,1957,214
793,2024,47,7,12,724,336,292,955,105
793,2025,48,9,7,377,97,170,408,66
793,2026,43,9,4,345,171,127,456,60
793,total,138,25,23,1446,604,589,1819,231
796,2024,55,5,6,909,347,96,1182,74
796,2025,42,14,8,414,88,142,432,70
796,2026,38,9,9,398,112,133,436,74
796,total,135,28,23,1721,547,371,2050,218
801,2024,57,2,7,873,379,100,1118,134
801,2025,41,19,4,341,121,182,360,102
801,2026,38,18,0,335,83,225,364,54
801,total,136,39,11,1549,583,507,1842,290
802,2024,59,6,1,900,351,101,1169,82
802,2025,42,14,8,476,77,91,510,43
802,2026,39,16,1,356,66,221,399,23
802,total,140,36,10,1732,494,413,2078,148
806,2024,52,4,10,845,279,228,931,193
806,2025,36,3,25,452,86,106,501,37
806,2026,32,7,17,383,158,102,502,39
806,total,120,14,52,1680,523,436,1934,269
809,2024,51,1,14,874,330,148,1128,76
809,2025,25,1,38,62,18,564,64,16
809,2026,10,4,30,29,6,523,31,4
809,total,86,6,82,965,354,1235,1223,96
811,2024,49,1,16,770,371,211,903,238
811,2025,42,2,20,196,108,340,221,83
811,2026,49,1,6,407,171,65,451,127
811,total,140,4,42,1373,650,616,1575,448
818,2024,51,5,10,936,329,87,1176,89
818,2025,44,10,10,358,86,200,404,40
818,2026,39,5,12,384,141,118,482,43
818,total,134,20,32,1678,556,405,2062,172
819,2024,46,9,11,618,284,450,818,84
819,2025,49,9,6,355,98,191,396,57
819,2026,34,2,20,304,144,195,395,53
819,total,129,20,37,1277,526,836,1609,194
822,2024,63,0,3,773,379,200,979,173
822,2025,59,3,2,419,109,116,440,88
822,2026,52,4,0,461,104,78,457,108
822,total,174,7,5,1653,592,394,1876,369
826,2024,62,2,2,936,319,97,1164,91
826,2025,55,5,4,435,119,90,439,115
826,2026,47,4,5,436,122,85,476,82
826,total,164,11,11,1807,560,272,2079,288
828,2024,57,0,9,938,265,149,1072,131
828,2025,53,1,10,390,71,183,387,74
828,2026,50,1,5,379,51,213,392,38
828,total,160,2,24,1707,387,545,1851,243
829,2024,59,5,2,909,220,223,955,174
829,2025,52,7,5,468,99,77,500,67
829,2026,44,10,2,376,145,122,478,43
829,total,155,22,9,1753,464,422,1933,284
831,2024,57,8,1,844,334,174,889,289
831,2025,45,13,6,412,121,111,427,106
831,2026,41,11,4,333,150,160,402,81
831,total,143,32,11,1589,605,445,1718,476
834,2024,54,3,9,895,323,134,938,280
834,2025,55,7,2,443,109,92,457,95
834,2026,36,17,3,332,186,125,407,111
834,total,145,27,14,1670,618,351,1802,486
840,2024,53,8,5,786,374,192,1022,138
840,2025,38,21,5,285,209,150,323,171
840,2026,30,20,6,215,137,291,299,53
840,total,121,49,16,1286,720,633,1644,362
842,2024,62,2,2,867,325,160,1116,76
842,2025,53,3,8,402,79,163,424,57
842,2026,42,5,9,392,143,108,485,50
842,total,157,10,19,1661,547,431,2025,183
845,2024,61,4,1,861,346,145,1076,131
845,2025,48,6,10,432,132,80,457,107
845,2026,39,5,12,349,172,122,417,104
845,total,148,15,23,1642,650,347,1950,342
851,2024,64,0,2,881,327,144,965,243
851,2025,60,1,3,444,124,76,471,97
851,2026,48,6,2,409,82,152,436,55
851,total,172,7,7,1734,533,372,1872,395
857,2024,51,13,2,533,167,652,580,120
857,2025,50,12,2,330,97,217,356,71
857,2026,52,1,3,412,156,75,520,48
857,total,153,26,7,1275,420,944,1456,239
861,2024,62,2,2,866,316,170,922,260
861,2025,53,4,7,305,138,201,311,132
861,2026,45,7,4,327,142,174,368,101
861,total,160,13,13,1498,596,545,1601,493
864,2024,57,5,4,836,332,184,1056,112
864,2025,48,12,4,389,98,157,408,79
864,2026,35,16,5,269,132,242,348,53
864,total,140,33,13,1494,562,583,1812,244
870,2024,50,6,10,796,289,267,827,258
870,2025,50,5,9,322,121,201,360,83
870,2026,46,4,6,334,207,102,456,85
870,total,146,15,25,1452,617,570,1643,426
874,2024,57,6,3,908,369,75,1065,212
874,2025,43,12,9,334,106,204,356,84
874,2026,37,8,11,386,155,102,433,108
874,total,137,26,23,1628,630,381,1854,404
875,2024,56,3,7,896,322,134,1095,123
875,2025,36,2,26,273,121,250,295,99
875,2026,29,3,24,257,72,314,253,76
875,total,121,8,57,1426,515,698,1643,298
881,2024,46,6,14,646,354,352,832,168
881,2025,46,10,8,292,121,231,322,91
881,2026,33,21,2,334,120,189,366,88
881,total,125,37,24,1272,595,772,1520,347
883,2024,62,1,3,975,327,50,1215,87
883,2025,46,3,15,466,90,88,503,53
883,2026,40,7,9,363,157,123,477,43
883,total,148,11,27,1804,574,261,2195,183
884,2024,61,1,4,801,409,142,1025,185
884,2025,58,3,3,425,123,96,468,80
884,2026,47,2,7,424,146,73,483,87
884,total,166,6,14,1650,678,311,1976,352
885,2024,52,2,12,885,315,152,1126,74
885,2025,35,5,24,397,76,171,434,39
885,2026,36,9,11,351,144,148,460,35
885,total,123,16,47,1633,535,471,2020,148
886,2024,55,0,11,981,320,51,1213,88
886,2025,51,1,12,388,93,163,408,73
886,2026,35,3,18,432,115,96,508,39
886,total,141,4,41,1801,528,310,2129,200
887,2024,60,4,2,958,305,89,1193,70
887,2025,58,0,6,513,93,38,535,71
887,2026,44,7,5,419,58,166,443,34
887,total,162,11,13,1890,456,293,2171,175
888,2024,53,7,6,825,346,181,993,178
888,2025,53,9,2,442,83,119,451,74
888,2026,39,15,2,268,99,276,321,46
888,total,145,31,10,1535,528,576,1765,298
889,2024,61,4,1,918,359,75,975,302
889,2025,49,7,8,365,152,127,384,133
889,2026,43,4,9,326,213,104,410,129
889,total,153,15,18,1609,724,306,1769,564
890,2024,59,2,5,846,349,157,1099,96
890,2025,48,11,5,428,131,85,474,85
890,2026,44,7,5,305,188,150,393,100
890,total,151,20,15,1579,668,392,1966,281
891,2024,60,6,0,943,288,121,1149,82
891,2025,55,6,3,481,81,82,519,43
891,2026,50,6,0,495,87,61,485,97
891,total,165,18,3,1919,456,264,2153,222
892,2024,36,8,22,585,341,426,785,141
892,2025,38,22,4,183,54,407,191,46
892,2026,26,3,27,159,86,398,221,24
892,total,100,33,53,927,481,1231,1197,211
893,2024,63,0,3,929,320,103,1050,199
893,2025,62,0,2,436,157,51,466,127
893,2026,44,2,10,420,153,70,506,67
893,total,169,2,15,1785,630,224,2022,393
894,2024,66,0,0,989,328,35,1042,275
894,2025,64,0,0,494,133,17,512,115
894,2026,56,0,0,451,171,21,539,83
894,total,186,0,0,1934,632,73,2093,473
895,2024,59,1,6,893,345,114,954,284
895,2025,58,2,4,465,144,35,480,129
895,2026,46,6,4,370,209,64,454,125
895,total,163,9,14,1728,698,213,1888,538
896,2024,60,0,6,871,384,97,952,303
896,2025,58,0,6,444,136,64,472,108
896,2026,38,7,11,319,174,150,402,91
896,total,156,7,23,1634,694,311,1826,502
897,2024,55,2,9,920,311,121,974,257
897,2025,53,4,7,471,92,81,484,79
897,2026,39,9,8,342,170,131,421,91
897,total,147,15,24,1733,573,333,1879,427
898,2024,58,1,7,698,440,214,937,201
898,2025,49,3,12,241,158,245,278,121
898,2026,45,1,10,306,200,137,413,93
898,total,152,5,29,1245,798,596,1628,415
899,2024,60,6,0,845,302,205,858,289
899,2025,59,5,0,362,217,65,365,214
899,2026,53,3,0,410,165,68,464,111
899,total,172,14,0,1617,684,338,1687,614
900,2024,62,1,3,937,335,80,1210,62
900,2025,60,0,4,430,98,116,487,41
900,2026,42,9,5,361,171,111,474,58
900,total,164,10,12,1728,604,307,2171,161
901,2024,53,6,7,697,396,259,931,162
901,2025,51,7,6,316,135,193,351,100
901,2026,41,7,8,241,153,249,318,76
901,total,145,20,21,1254,684,701,1600,338
902,2024,57,4,5,916,297,139,1111,102
902,2025,57,4,3,469,98,77,503,64
902,2026,52,2,2,435,131,77,479,87
902,total,166,10,10,1820,526,293,2093,253
903,2024,63,1,2,971,335,46,1239,67
903,2025,56,4,4,501,85,58,546,40
903,2026,47,4,5,456,155,32,578,33
903,total,166,9,11,1928,575,136,2363,140
904,2024,58,3,5,895,336,121,1142,89
904,2025,52,6,6,412,66,166,446,32
904,2026,44,6,6,396,133,114,484,45
904,total,154,15,17,1703,535,401,2072,166
905,2024,56,2,8,822,311,219,1027,106
905,2025,43,9,12,243,72,329,267,48
905,2026,42,12,2,290,124,229,347,67
905,total,141,23,22,1355,507,777,1641,221
906,2024,49,5,12,709,317,326,862,164
906,2025,33,12,19,269,104,271,294,79
906,2026,43,8,5,323,167,153,426,64
906,total,125,25,36,1301,588,750,1582,307
907,2024,64,0,2,952,345,55,1213,84
907,2025,60,1,3,444,100,100,447,97
907,2026,52,1,3,508,112,23,516,104
907,total,176,2,8,1904,557,178,2176,285
908,2024,58,7,1,978,322,52,1028,272
908,2025,48,16,0,444,99,101,458,85
908,2026,36,18,2,328,196,119,407,117
908,total,142,41,3,1750,617,272,1893,474
909,2024,65,1,0,976,327,49,1031,272
909,2025,59,0,5,467,115,62,483,99
909,2026,52,2,2,428,176,39,518,86
909,total,176,3,7,1871,618,150,2032,457
910,2024,49,1,16,819,305,228,860,264
910,2025,48,6,10,440,102,102,449,93
910,2026,37,18,1,333,175,135,413,95
910,total,134,25,27,1592,582,465,1722,452
911,2024,58,3,5,849,354,149,912,291
911,2025,51,12,1,411,131,102,439,103
911,2026,41,10,5,362,174,107,459,77
911,total,150,25,11,1622,659,358,1810,471
912,2024,57,5,4,940,341,71,991,290
912,2025,55,5,4,466,122,56,486,102
912,2026,45,6,5,396,158,89,477,77
912,total,157,16,13,1802,621,216,1954,469
913,2024,57,1,8,932,299,121,974,257
913,2025,53,6,5,426,89,129,439,76
913,2026,40,8,8,349,178,116,424,103
913,total,150,15,21,1707,566,366,1837,436
914,2024,54,3,9,816,312,224,848,280
914,2025,57,7,0,398,166,80,420,144
914,2026,52,4,0,358,196,89,444,110
914,total,163,14,9,1572,674,393,1712,534
915,2024,60,1,5,915,347,90,1183,79
915,2025,48,4,12,440,112,92,473,79
915,2026,49,2,5,391,143,109,477,57
915,total,157,7,22,1746,602,291,2133,215
917,2024,59,5,2,730,315,307,826,219
917,2025,62,2,0,418,184,42,468,134
917,2026,49,7,0,410,180,53,527,63
917,total,170,14,2,1558,679,402,1821,416
918,2024,64,0,2,973,347,32,1222,98
918,2025,55,5,4,396,67,181,434,29
918,2026,53,0,3,410,156,77,519,47
918,total,172,5,9,1779,570,290,2175,174
919,2024,64,1,1,906,401,45,1141,166
919,2025,52,10,2,423,114,107,470,67
919,2026,48,5,3,398,171,74,503,66
919,total,164,16,6,1727,686,226,2114,299
920,2024,52,5,9,907,278,167,1044,141
920,2025,48,8,8,476,103,65,532,47
920,2026,33,13,10,417,153,73,534,36
920,total,133,26,27,1800,534,305,2110,224
921,2024,55,5,6,986,265,101,1027,224
921,2025,41,10,13,344,69,231,362,51
921,2026,40,10,6,365,102,176,407,60
921,total,136,25,25,1695,436,508,1796,335
922,2024,52,2,12,851,347,154,1110,88
922,2025,41,7,16,406,75,163,436,45
922,2026,41,12,3,443,149,51,552,40
922,total,134,21,31,1700,571,368,2098,173
923,2024,62,0,4,1026,279,47,1125,180
923,2025,59,2,3,473,125,46,493,105
923,2026,52,2,2,455,137,51,499,93
923,total,173,4,9,1954,541,144,2117,378
924,2024,65,1,0,925,290,137,1136,79
924,2025,60,2,2,473,95,76,506,62
924,2026,51,5,0,473,140,30,559,54
924,total,176,8,2,1871,525,243,2201,195
925,2024,61,0,5,1011,228,113,1047,192
925,2025,57,5,2,466,119,59,487,98
925,2026,49,7,0,431,129,83,461,99
925,total,167,12,7,1908,476,255,1995,389
926,2024,62,0,4,1038,254,60,1138,154
926,2025,61,0,3,410,63,171,434,39
926,2026,54,0,2,343,43,257,359,27
926,total,177,0,9,1791,360,488,1931,220
927,2024,60,1,5,926,307,119,1174,59
927,2025,52,4,8,448,90,106,479,59
927,2026,50,1,5,400,124,119,484,40
927,total,162,6,18,1774,521,344,2137,158
928,2024,63,1,2,914,320,118,1139,95
928,2025,50,1,13,405,64,175,429,40
928,2026,52,1,3,426,142,75,529,39
928,total,165,3,18,1745,526,368,2097,174
929,2024,57,8,1,915,342,95,1091,166
929,2025,56,3,5,420,145,79,450,115
929,2026,43,5,8,299,114,230,311,102
929,total,156,16,14,1634,601,404,1852,383
930,2024,61,1,4,828,428,81,925,331
930,2025,56,3,5,363,211,70,390,184
930,2026,52,4,0,400,167,76,456,111
930,total,169,8,9,1591,806,227,1771,626
931,2024,50,9,7,715,340,297,838,217
931,2025,43,4,17,174,109,361,190,93
931,2026,42,3,11,273,79,291,309,43
931,total,135,16,35,1162,528,949,1337,353
932,2024,60,3,3,895,365,92,1160,100
932,2025,59,1,4,518,88,38,560,46
932,2026,45,6,5,395,136,112,508,23
932,total,164,10,12,1808,589,242,2228,169
933,2024,50,10,6,606,338,408,665,279
933,2025,47,15,2,327,126,191,373,80
933,2026,44,7,5,351,133,159,429,55
933,total,141,32,13,1284,597,758,1467,414
934,2024,60,1,5,924,334,94,973,285
934,2025,53,2,9,450,97,97,473,74
934,2026,54,1,1,401,154,88,485,70
934,total,167,4,15,1775,585,279,1931,429
935,2024,59,4,3,790,373,189,864,299
935,2025,51,10,3,362,209,73,391,180
935,2026,46,3,7,341,226,76,426,141
935,total,156,17,13,1493,808,338,1681,620
936,2024,2,0,0,13,1,0,14,0
936,total,2,0,0,13,1,0,14,0
937,2024,65,1,0,954,317,81,1005,266
937,2025,56,6,2,415,156,73,431,140
937,2026,46,8,2,322,197,124,400,119
937,total,167,15,4,1691,670,278,1836,525
938,2024,21,0,0,218,85,14,254,49
938,2026,7,2,0,54,3,11,55,2
938,total,28,2,0,272,88,25,309,51
939,2024,57,4,5,921,350,81,1170,101
939,2025,52,2,10,443,135,66,490,88
939,2026,49,3,4,385,184,74,503,66
939,total,158,9,19,1749,669,221,2163,255
940,2024,57,6,3,815,295,242,851,259
940,2025,54,8,2,390,134,120,438,86
940,2026,47,9,0,359,173,111,483,49
940,total,158,23,5,1564,602,473,1772,394
941,2024,49,5,12,747,261,344,823,185
941,2025,43,10,11,409,120,115,455,74
941,2026,52,2,2,332,190,121,457,65
941,total,144,17,25,1488,571,580,1735,324
942,2024,62,2,2,942,347,63,1215,74
942,2025,54,3,7,401,151,92,447,105
942,2026,52,0,4,323,204,116,410,117
942,total,168,5,13,1666,702,271,2072,296
943,2024,62,2,2,689,399,264,895,193
943,2025,53,9,2,292,203,149,327,168
943,2026,50,3,3,356,247,40,435,168
943,total,165,14,7,1337,849,453,1657,529
944,2024,60,5,1,787,339,226,1017,109
944,2025,57,7,0,206,141,297,231,116
944,2026,49,6,1,362,205,76,471,96
944,total,166,18,2,1355,685,599,1719,321
945,2024,62,1,3,762,331,259,987,106
945,2025,55,9,0,398,117,129,445,70
945,2026,48,6,2,378,168,97,485,61
945,total,165,16,5,1538,616,485,1917,237
946,2024,62,1,3,772,371,209,960,183
946,2025,57,0,7,231,167,246,264,134
946,2026,49,1,6,328,217,98,412,133
946,total,168,2,16,1331,755,553,1636,450
947,2024,53,5,8,698,332,322,899,131
947,2025,50,5,9,275,97,272,291,81
947,2026,42,7,7,413,113,117,407,119
947,total,145,17,24,1386,542,711,1597,331
948,2024,58,4,4,814,292,246,832,274
948,2025,36,17,11,273,120,251,316,77
948,2026,35,15,6,232,150,261,319,63
948,total,129,36,21,1319,562,758,1467,414
949,2024,48,10,8,881,341,130,1120,102
949,2025,41,19,4,371,139,134,417,93
949,2026,33,19,4,330,161,152,443,48
949,total,122,48,16,1582,641,416,1980,243
950,2024,55,6,5,877,317,158,1108,86
950,2025,50,8,6,410,123,111,444,89
950,2026,45,11,0,425,135,83,487,73
950,total,150,25,11,1712,575,352,2039,248
951,2024,52,7,7,877,313,162,923,267
951,2025,40,14,10,373,159,112,406,126
951,2026,30,24,2,302,180,161,384,98
951,total,122,45,19,1552,652,435,1713,491
952,2024,57,2,7,852,386,114,1031,207
952,2025,49,3,12,375,91,178,388,78
952,2026,49,6,1,366,158,119,438,86
952,total,155,11,20,1593,635,411,1857,371
953,2024,58,3,5,972,225,155,992,205
953,2025,56,0,8,467,97,80,492,72
953,2026,53,3,0,443,137,63,520,60
953,total,167,6,13,1882,459,298,2004,337
954,2024,52,8,6,650,337,365,872,115
954,2025,49,7,8,307,122,215,336,93
954,2026,36,16,4,370,135,138,434,71
954,total,137,31,18,1327,594,718,1642,279
955,2024,53,1,12,837,386,129,1079,144
955,2025,45,5,14,355,152,137,391,116
955,2026,39,9,8,268,158,217,362,64
955,total,137,15,34,1460,696,483,1832,324
956,2024,59,1,6,809,358,185,1024,143
956,2025,59,0,5,419,105,120,454,70
956,2026,46,4,6,425,123,95,451,97
956,total,164,5,17,1653,586,400,1929,310
957,2024,52,4,10,881,315,156,1086,110
957,2025,48,2,14,398,131,115,434,95
957,2026,41,12,3,405,140,98,453,92
957,total,141,18,27,1684,586,369,1973,297
958,2024,54,6,6,874,285,193,881,278
958,2025,41,16,7,362,135,147,405,92
958,2026,39,11,6,309,151,183,384,76
958,total,134,33,19,1545,571,523,1670,446
959,2024,61,1,4,944,322,86,996,270
959,2025,55,2,7,461,119,64,482,98
959,2026,46,5,5,370,194,79,451,113
959,total,162,8,16,1775,635,229,1929,481
960,2024,58,7,1,953,325,74,1014,264
960,2025,46,18,0,402,120,122,421,101
960,2026,32,21,3,295,206,142,380,121
960,total,136,46,4,1650,651,338,1815,486
961,2024,54,6,6,878,305,169,1062,121
961,2025,49,11,4,410,105,129,449,66
961,2026,49,7,0,379,142,122,467,54
961,total,152,24,10,1667,552,420,1978,241
962,2024,58,1,7,677,409,266,913,173
962,2025,52,2,10,267,205,172,302,170
962,2026,41,6,9,388,151,104,432,107
962,total,151,9,26,1332,765,542,1647,450
963,2024,59,1,6,861,319,172,1112,68
963,2025,59,1,4,402,112,130,447,67
963,2026,49,2,5,449,113,81,473,89
963,total,167,4,15,1712,544,383,2032,224
964,2024,59,3,4,818,352,182,1025,145
964,2025,40,11,13,336,97,211,361,72
964,2026,37,7,12,363,149,131,435,77
964,total,136,21,29,1517,598,524,1821,294
965,2024,56,7,3,800,444,108,1063,181
965,2025,58,4,2,432,97,115,460,69
965,2026,47,8,1,385,104,154,460,29
965,total,161,19,6,1617,645,377,1983,279
966,2024,59,6,1,651,411,290,874,188
966,2025,49,1,14,242,228,174,282,188
966,2026,45,7,4,384,172,87,441,115
966,total,153,14,19,1277,811,551,1597,491
967,2024,51,5,10,838,321,193,1035,124
967,2025,40,12,12,442,98,104,479,61
967,2026,37,13,6,391,124,128,466,49
967,total,128,30,28,1671,543,425,1980,234
969,2024,62,1,3,976,293,83,1190,79
969,2025,62,2,0,517,92,35,543,66
969,2026,52,3,1,501,97,45,529,69
969,total,176,6,4,1994,482,163,2262,214
970,2024,53,3,10,934,294,124,1109,119
970,2025,56,3,5,462,94,88,487,69
970,2026,48,3,5,378,86,179,404,60
970,total,157,9,20,1774,474,391,2000,248
971,2024,54,6,6,834,330,188,1091,73
971,2025,58,3,3,473,76,95,474,75
971,2026,50,3,3,418,126,99,494,50
971,total,162,12,12,1725,532,382,2059,198
972,2024,59,3,4,846,334,172,1089,91
972,2025,49,6,9,429,60,155,459,30
972,2026,41,4,11,420,116,107,512,24
972,total,149,13,24,1695,510,434,2060,145
973,2024,48,3,15,652,327,373,853,126
973,2025,45,3,16,79,163,402,93,149
973,2026,11,12,33,108,61,474,71,98
973,total,104,18,64,839,551,1249,1017,373
974,2024,47,3,16,781,317,254,976,122
974,2025,50,1,13,345,67,232,368,44
974,2026,48,4,4,374,123,146,446,51
974,total,145,8,33,1500,507,632,1790,217
976,2024,55,4,7,761,411,180,1007,165
976,2025,34,10,20,331,134,179,384,81
976,2026,31,16,9,308,152,183,381,79
976,total,120,30,36,1400,697,542,1772,325
977,2024,59,1,5,927,323,88,975,275
977,2025,62,1,1,497,109,38,515,91
977,2026,54,1,1,395,202,46,480,117
977,total,175,3,7,1819,634,172,1970,483
978,2024,46,0,0,734,257,44,750,241
978,2025,62,2,0,461,114,69,469,106
978,2026,41,6,0,357,170,48,443,84
978,total,149,8,0,1552,541,161,1662,431
979,2026,12,1,0,70,8,1,72,6
979,total,12,1,0,70,8,1,72,6
