id,period,attendance_present,attendance_absent,attendance_license,votes_in_favor,votes_against,votes_absent,rice_index
1,2024,1534,142,172,24140,8929,4787,0.7812747619326338
1,2025,1278,243,271,11033,3027,3972,0.7039693612563134
1,2026,1153,249,167,9766,4057,4175,0.7562252288983007
1,total,3965,634,610,44939,16013,12934,0.7563063921802174
2,2024,114,5,13,955,887,862,0.9382171226831421
2,2025,103,4,21,337,320,631,0.96
2,2026,89,7,16,478,317,491,0.9444444444444444
2,total,306,16,50,1770,1524,1984,0.9442307692307692
3,2024,113,11,8,1681,739,284,0.9046875
3,2025,97,22,9,803,297,188,0.7212317666126418
3,2026,75,26,11,610,273,403,0.9392361111111112
3,total,285,59,28,3094,1309,875,0.8669632025879499
4,2024,2069,207,298,28510,13727,10491,0.7268986563145546
4,2025,1806,343,347,12476,4718,7922,0.6436281892828168
4,2026,1561,354,269,13647,5587,5843,0.6511752087757235
4,total,5436,904,914,54633,24032,24256,0.6881277743380834
5,2024,582,28,50,8495,3507,1518,0.8755355961829177
5,2025,504,61,75,3848,976,1616,0.8028643228966331
5,2026,428,53,79,3760,1524,1146,0.8284989376327958
5,total,1514,142,204,16103,6007,4280,0.8467242811931033
6,2024,1349,62,109,20902,7593,2601,0.9280500506465826
6,2025,1231,146,95,10012,2896,1904,0.8212499429890473
6,2026,996,198,94,8102,4187,2500,0.800317989372506
6,total,3576,406,298,39016,14676,7005,0.87086513790286
7,2024,333,25,38,5001,2022,1089,0.8377994011976048
7,2025,287,48,49,2473,606,785,0.8128702207862143
7,2026,274,43,19,2261,835,762,0.7976769313884388
7,total,894,116,106,9735,3463,2636,0.8221747019180923
8,2024,183,3,12,2435,1113,508,0.8093443858327054
8,2025,176,5,11,1242,397,293,0.8001038421599169
8,2026,147,8,13,1334,366,229,0.8636599274235356
8,total,506,16,36,5011,1876,1030,0.8204441041347627
9,2024,644,32,50,9756,3410,1706,0.834826732937844
9,2025,558,61,85,4316,1084,1684,0.7335158371649055
9,2026,482,72,62,4253,1352,1468,0.7494215651291857
9,total,1684,165,197,18325,5846,4858,0.7892598994988075
10,2024,244,12,8,2814,1394,1200,0.783284023668639
10,2025,228,19,9,1095,870,611,0.6995305164319249
10,2026,190,18,16,1301,566,705,0.8218210361067504
10,total,662,49,33,5210,2830,2516,0.7722602739726027
11,2024,158,15,25,2399,802,855,0.9218168279970216
11,2025,136,18,38,1115,266,551,0.8346666666666666
11,2026,123,13,32,1195,415,319,0.8734315330060012
11,total,417,46,95,4709,1483,1725,0.8892335530567402
12,2024,144,36,18,2213,748,1095,0.7818863879957128
12,2025,136,39,17,788,333,811,0.8087855297157622
12,2026,130,26,12,893,398,638,0.8155283129013426
12,total,410,101,47,3894,1479,2544,0.796081796081796
13,2024,62,2,2,866,316,170,1.0
13,2025,53,4,7,305,138,201,1.0
13,2026,45,7,4,327,142,174,1.0
13,total,160,13,13,1498,596,545,1.0
14,2024,36,8,22,585,341,426,1.0
14,2025,38,22,4,183,54,407,1.0
14,2026,26,3,27,159,86,398,1.0
14,total,100,33,53,927,481,1231,1.0
15,2024,124,1,7,1925,548,231,0.8409947249434815
15,2025,107,6,15,871,183,234,0.8701298701298701
15,2026,101,8,3,857,271,158,0.8341625207296849
15,total,332,15,25,3653,1002,623,0.8464257659073056
16,2024,216,24,24,3292,958,1158,0.8515200868621062
16,2025,166,55,35,1334,349,893,0.8302521008403362
16,2026,166,42,16,1383,538,651,0.8561827956989246
16,total,548,121,75,6009,1845,2702,0.8475235366352845
17,2024,1013,71,104,15619,6157,2545,0.7621886885808453
17,2025,970,73,109,7176,2027,2389,0.6944449032273292
17,2026,848,99,61,6619,2018,2937,0.7173430661675104
17,total,2831,243,274,29414,10202,7871,0.7347094572651689
